Chaqueta;UrbanStyle;S;16;19.99;Nuevo
Camiseta;Trendsetters;M;4;24.99;Desgastado
Chaqueta;CasualVibe;L;45;14.99;Semi-nuevo
Sudadera;CozyFashion;XL;7;34.99;Usado
Chaqueta;UrbanStyle;S;14;19.99;Nuevo
Camiseta;Trendsetters;M;6;24.99;Desgastado
Chaqueta;CasualVibe;L;47;14.99;Semi-nuevo
Sudadera;CozyFashion;XL;8;34.99;Usado
Camiseta;FreshLook;XS;4;27.99;Nuevo
Chaqueta;StyleHaven;S;30;18.99;Nuevo
Sudadera;UrbanChill;M;5;42.99;Usado
Camiseta;ArtisticThreads;L;7;22.99;Desgastado
Pantalon;SustainableStyles;XL;2;48.99;Semi-nuevo
Chaqueta;ModernMuse;XXL;16;16.99;Nuevo
Sudadera;RelaxedFit;XS;11;36.99;Usado
Camiseta;FashionForward;S;12;31.99;Nuevo
Chaqueta;EtherealEssence;XL;3;21.99;Nuevo
Sudadera;ComfortZone;XXL;14;40.99;Usado
Camiseta;RevampedStyles;M;5;28.99;Nuevo
Pantalon;CrispLines;S;8;52.99;Desgastado
Chaqueta;TimelessThreads;L;15;17.99;Nuevo
Sudadera;EarthyBlend;XL;3;45.99;Semi-nuevo
Camiseta;CharmingFits;XXL;8;23.99;Nuevo
Pantalon;EnergizedWear;XS;6;56.99;Usado
Zapatos;Nike;M;3;100.0;Nuevo
Vestido;ElegantAffair;M;5;79.99;Nuevo
Falda;BohoChic;S;10;34.99;Desgastado
Shorts;BeachReady;L;4;29.99;Semi-nuevo
Mono;CasualDays;M;8;49.99;Nuevo
Botas;UrbanExplorer;XL;2;89.99;Usado
Zapatillas;SportyStyle;S;15;65.99;Nuevo
Chaqueta;PufferStyle;XXL;6;89.99;Nuevo
Cardigan;SoftTextures;M;3;39.99;Semi-nuevo
Pantalon;CargoTrends;S;7;54.99;Desgastado
Camiseta;GraphicTees;XS;11;27.49;Nuevo
Leggings;FlexFit;S;9;34.99;Usado
Tunica;FlowyFashion;M;5;39.99;Nuevo
Chaleco;LayerItUp;L;3;28.99;Desgastado
Sandalias;SunnySteps;XXL;4;24.99;Nuevo
Zapatillas;ChicComfort;S;10;49.99;Usado
Chaqueta;BlueBanana;XXL;1;110.0;Usado
Chaqueta;asfaf;XS;1;10.0;Nuevo
Pantalón;Nike;M;1;500.0;Usado
Pantalón;Nike;XS;1;600.0;Nuevo
Camisa;nike;XS;1;50.0;Nuevo
